{"cameraMode":{"drawMode":0,"name":"Shaded","section":"Shading Mode"},"sceneLighting":false,"audioPlay":false,"sceneViewState":{"showFog":false,"showMaterialUpdate":false,"showSkybox":false,"showFlares":false,"showImageEffects":false,"showParticleSystems":false},"in2DMode":false,"pivot":{"x":-2.48647141456604,"y":-0.48778486251831057,"z":0.3066747188568115},"rotation":{"x":0.09874165058135987,"y":-0.24312284588813783,"z":0.024865437299013139,"w":0.9646503925323486},"size":11.465418815612793,"orthographic":false}