{"cameraMode":{"drawMode":0,"name":"Shaded","section":"Shading Mode"},"sceneLighting":false,"audioPlay":false,"sceneViewState":{"showFog":false,"showMaterialUpdate":false,"showSkybox":false,"showFlares":false,"showImageEffects":false,"showParticleSystems":false},"in2DMode":false,"pivot":{"x":0.9936609268188477,"y":-6.9684739112854,"z":-4.439740180969238},"rotation":{"x":0.17943674325942994,"y":-0.7071431875228882,"z":0.19342562556266786,"w":0.6560012698173523},"size":28.059865951538087,"orthographic":false}