{"cameraMode":{"drawMode":0,"name":"Shaded","section":"Shading Mode"},"sceneLighting":false,"audioPlay":false,"sceneViewState":{"showFog":false,"showMaterialUpdate":false,"showSkybox":false,"showFlares":false,"showImageEffects":false,"showParticleSystems":false},"in2DMode":false,"pivot":{"x":0.0383148193359375,"y":-0.08960413932800293,"z":-0.1209869384765625},"rotation":{"x":-0.2245740443468094,"y":0.7325188517570496,"z":-0.2858039140701294,"w":-0.5755865573883057},"size":17.490671157836915,"orthographic":true}