{"cameraMode":{"drawMode":0,"name":"Shaded","section":"Shading Mode"},"sceneLighting":true,"audioPlay":false,"sceneViewState":{"showFog":false,"showMaterialUpdate":false,"showSkybox":false,"showFlares":false,"showImageEffects":false,"showParticleSystems":false},"in2DMode":false,"pivot":{"x":0.0040388405323028568,"y":85.27717590332031,"z":-0.39877843856811526},"rotation":{"x":-0.05241740494966507,"y":-0.1884971410036087,"z":0.010050494223833084,"w":-0.9806326627731323},"size":77.61927032470703,"orthographic":true}