{"cameraMode":{"drawMode":0,"name":"Shaded","section":"Shading Mode"},"sceneLighting":false,"audioPlay":false,"sceneViewState":{"showFog":false,"showMaterialUpdate":false,"showSkybox":false,"showFlares":false,"showImageEffects":false,"showParticleSystems":false},"in2DMode":false,"pivot":{"x":-0.6987395286560059,"y":11.429312705993653,"z":-4.748300552368164},"rotation":{"x":-0.01207865122705698,"y":-0.9769695997238159,"z":0.205170676112175,"w":-0.05749977380037308},"size":34.43589782714844,"orthographic":true}