{"cameraMode":{"drawMode":0,"name":"Shaded","section":"Shading Mode"},"sceneLighting":false,"audioPlay":false,"sceneViewState":{"showFog":false,"showMaterialUpdate":false,"showSkybox":false,"showFlares":false,"showImageEffects":false,"showParticleSystems":false},"in2DMode":false,"pivot":{"x":-13.221632957458496,"y":-8.391012191772461,"z":-2.7648766040802},"rotation":{"x":-0.2456471025943756,"y":0.72697913646698,"z":-0.3220275938510895,"w":-0.5545108914375305},"size":28.59734344482422,"orthographic":false}