{"cameraMode":{"drawMode":0,"name":"Shaded","section":"Shading Mode"},"sceneLighting":false,"audioPlay":false,"sceneViewState":{"showFog":false,"showMaterialUpdate":false,"showSkybox":false,"showFlares":false,"showImageEffects":false,"showParticleSystems":false},"in2DMode":false,"pivot":{"x":3.320314884185791,"y":-1.2809782028198243,"z":-1.0968512296676636},"rotation":{"x":-0.17382095754146577,"y":-0.75423663854599,"z":0.22099493443965913,"w":-0.593390166759491},"size":20.979307174682618,"orthographic":false}