{"cameraMode":{"drawMode":0,"name":"Shaded","section":"Shading Mode"},"sceneLighting":false,"audioPlay":false,"sceneViewState":{"showFog":false,"showMaterialUpdate":false,"showSkybox":false,"showFlares":false,"showImageEffects":false,"showParticleSystems":false},"in2DMode":false,"pivot":{"x":-3.245002508163452,"y":0.7149806022644043,"z":-0.7400262355804443},"rotation":{"x":0.174100860953331,"y":-0.520177960395813,"z":0.10922639816999436,"w":0.8289749026298523},"size":35.182498931884769,"orthographic":false}